Order_ID,Foreign_Customer_ID,Product_ID,Quantity,Date_Ordered,Status,Total_Amount
1,1,11,2,7/20/2023,Shipped,Euro
2,2,33,1,3/10/2024,Delivered,Lari
3,3,15,1,7/15/2024,Processing,Euro
4,4,27,4,10/6/2024,Delivered,Peso
5,5,27,3,5/18/2024,Cancelled,Dollar
6,6,14,3,9/7/2022,Pending,Rupiah
7,7,40,3,1/21/2023,Processing,Yuan Renminbi
8,8,8,3,11/13/2023,Shipped,Yuan Renminbi
9,9,25,1,5/24/2024,Cancelled,Shekel
10,10,1,3,10/4/2022,Shipped,Yuan Renminbi
11,11,4,2,10/28/2024,Pending,Real
12,12,17,1,10/24/2024,Cancelled,Euro
13,13,30,2,11/30/2024,Processing,Real
14,14,11,1,11/7/2023,Delivered,Rupiah
15,15,12,1,11/5/2022,Shipped,Peso
16,16,5,2,10/25/2022,Processing,Dollar
17,17,17,3,8/6/2023,Processing,Euro
18,18,19,4,12/20/2022,Processing,Dinar
19,19,17,4,6/5/2023,Delivered,Baht
20,20,17,4,12/12/2023,Pending,Real
21,21,31,3,8/20/2024,Cancelled,Peso
22,22,35,1,1/21/2023,Delivered,Euro
23,23,12,4,2/10/2023,Delivered,Yuan Renminbi
24,24,23,3,6/13/2024,Processing,Yuan Renminbi
25,25,9,1,12/14/2022,Cancelled,Hryvnia
26,26,37,1,4/22/2023,Delivered,Dong
27,27,19,3,6/21/2023,Pending,Dollar
28,28,3,4,5/19/2023,Processing,Euro
29,29,16,3,8/30/2023,Cancelled,Yuan Renminbi
30,30,2,4,12/13/2022,Cancelled,Dollar
31,31,20,1,11/22/2023,Shipped,Peso
32,32,16,4,11/9/2022,Processing,Peso
33,33,22,4,5/2/2024,Processing,Rupiah
34,34,19,1,7/25/2023,Delivered,Rupiah
35,35,15,2,8/17/2022,Cancelled,Euro
36,36,32,1,7/16/2024,Shipped,Peso
37,37,5,3,11/11/2022,Processing,Dirham
38,38,29,3,4/3/2024,Shipped,Dinar
39,39,36,2,3/23/2023,Delivered,Rupiah
40,40,21,1,9/7/2024,Processing,Rupiah
41,41,5,1,8/16/2022,Shipped,Yuan Renminbi
42,42,23,2,7/4/2024,Processing,Peso
43,43,8,2,8/26/2023,Processing,Euro
44,44,8,2,3/7/2024,Delivered,Dollar
45,45,17,4,6/30/2024,Processing,Tugrik
46,46,8,1,8/20/2024,Cancelled,Euro
47,47,13,2,5/30/2023,Shipped,Yuan Renminbi
48,48,38,1,10/21/2023,Delivered,Rupiah
49,49,22,1,8/2/2023,Delivered,Rupiah
50,50,34,2,8/18/2023,Cancelled,Yen
51,51,34,2,8/20/2023,Delivered,Lev
52,52,36,3,11/19/2023,Pending,Rial
53,53,13,4,7/16/2024,Shipped,Dong
54,54,19,1,1/3/2023,Delivered,Koruna
55,55,3,4,8/28/2024,Delivered,Ruble
56,56,5,3,11/23/2024,Cancelled,Manat
57,57,39,1,8/31/2024,Pending,Euro
58,58,16,3,2/13/2023,Pending,Ruble
59,59,5,3,3/8/2023,Shipped,Ruble
60,60,28,2,4/3/2024,Cancelled,Euro
61,61,9,2,9/30/2024,Delivered,Dollar
62,62,19,2,4/6/2023,Cancelled,Rupiah
63,63,3,4,7/12/2023,Delivered,Euro
64,64,33,4,5/26/2023,Pending,Rial
65,65,17,1,7/15/2024,Processing,Hryvnia
66,66,17,3,8/21/2022,Pending,Rupiah
67,67,24,1,7/12/2023,Shipped,Baht
68,68,32,2,10/26/2022,Processing,Birr
69,69,8,2,8/20/2024,Cancelled,Yuan Renminbi
70,70,35,3,7/22/2024,Cancelled,Rial
71,71,30,3,4/19/2023,Delivered,Rupiah
72,72,11,2,8/11/2024,Shipped,Rupiah
73,73,6,3,3/11/2023,Delivered,Rupiah
74,74,22,4,6/14/2023,Delivered,Yen
75,75,30,2,6/19/2023,Processing,Rupiah
76,76,8,3,3/1/2023,Pending,Euro
77,77,12,3,9/28/2024,Shipped,Bolivar
78,78,29,2,3/22/2023,Shipped,Rupiah
79,79,1,1,7/18/2023,Pending,Peso
80,80,9,1,1/15/2023,Processing,Peso
81,81,37,3,9/11/2022,Processing,Euro
82,82,21,3,7/22/2023,Pending,Real
83,83,2,4,9/1/2023,Cancelled,Yuan Renminbi
84,84,32,3,2/23/2024,Shipped,Yuan Renminbi
85,85,35,3,7/18/2024,Processing,Dollar
86,86,35,1,8/1/2023,Delivered,Euro
87,87,19,3,8/18/2023,Pending,Rupiah
88,88,16,1,9/18/2023,Cancelled,Rupiah
89,89,16,4,8/23/2024,Cancelled,Dollar
90,90,5,3,11/13/2024,Delivered,Peso
91,91,26,2,11/21/2022,Pending,Sol
92,92,5,3,6/8/2024,Delivered,Euro
93,93,22,3,5/31/2023,Processing,Dinar
94,94,40,2,10/19/2023,Pending,Euro
95,95,37,3,8/17/2024,Cancelled,Krone
96,96,5,3,12/30/2023,Processing,Bolivar
97,97,37,1,10/18/2024,Delivered,Zloty
98,98,27,3,12/28/2024,Pending,Sol
99,99,16,2,7/30/2023,Delivered,Yuan Renminbi
100,100,25,3,8/26/2024,Delivered,Rupiah
101,101,17,3,8/15/2022,Delivered,Dinar
102,102,4,1,3/5/2024,Delivered,Ruble
103,103,39,4,2/14/2024,Cancelled,Rupiah
104,104,23,1,5/19/2024,Cancelled,Rial
105,105,10,1,12/17/2022,Pending,Yuan Renminbi
106,106,4,1,6/23/2024,Delivered,Yuan Renminbi
107,107,17,1,4/1/2024,Cancelled,Koruna
108,108,40,4,1/25/2024,Delivered,Rupiah
109,109,25,3,8/13/2024,Shipped,Bolivar
110,110,30,4,8/31/2023,Shipped,Euro
111,111,11,4,12/23/2023,Processing,Ruble
112,112,39,2,11/22/2022,Cancelled,Rupiah
113,113,35,4,8/28/2024,Pending,Real
114,114,40,3,5/18/2023,Shipped,Yuan Renminbi
115,115,17,1,3/5/2023,Cancelled,Naira
116,116,33,4,12/19/2022,Shipped,Hryvnia
117,117,39,3,11/12/2024,Cancelled,Koruna
118,118,35,2,12/15/2024,Delivered,Yuan Renminbi
119,119,35,4,5/21/2024,Shipped,Real
120,120,37,2,7/10/2024,Processing,Euro
121,121,9,1,12/11/2024,Processing,Sol
122,122,23,4,8/14/2023,Processing,Ruble
123,123,35,4,12/30/2022,Delivered,Peso
124,124,9,3,4/13/2023,Cancelled,Yuan Renminbi
125,125,19,1,11/2/2022,Cancelled,Euro
126,126,28,3,3/4/2024,Shipped,Yuan Renminbi
127,127,27,1,4/4/2024,Cancelled,Rupiah
128,128,8,4,12/22/2023,Processing,Real
129,129,28,4,8/16/2022,Processing,Yuan Renminbi
130,130,19,4,8/4/2023,Pending,Franc
131,131,18,4,8/31/2022,Shipped,Shekel
132,132,3,4,3/25/2024,Processing,Rupiah
133,133,28,3,8/5/2022,Shipped,Rupiah
134,134,9,1,11/23/2024,Delivered,Dollar
135,135,21,4,12/29/2024,Pending,Colon
136,136,40,4,8/24/2022,Pending,Real
137,137,29,2,1/13/2023,Pending,Rupiah
138,138,35,4,5/30/2024,Processing,Dollar
139,139,32,3,2/9/2023,Delivered,Yuan Renminbi
140,140,22,2,11/5/2023,Cancelled,Dollar
141,141,15,4,10/29/2023,Shipped,Yuan Renminbi
142,142,19,4,11/14/2022,Delivered,Baht
143,143,25,4,10/17/2022,Cancelled,Peso
144,144,9,4,9/14/2023,Delivered,Euro
145,145,4,4,7/10/2024,Shipped,Som
146,146,35,2,1/5/2023,Pending,Euro
147,147,8,3,8/25/2024,Pending,Rial
148,148,20,2,5/30/2023,Shipped,Rial
149,149,14,1,12/27/2022,Pending,Rupiah
150,150,32,3,3/21/2024,Cancelled,Zloty
151,151,20,4,4/15/2024,Pending,Rupiah
152,152,5,3,10/24/2023,Processing,Ruble
153,153,5,1,11/4/2022,Shipped,Euro
154,154,35,4,6/25/2024,Shipped,Yuan Renminbi
155,155,30,2,11/14/2022,Cancelled,Dollar
156,156,37,3,2/20/2024,Processing,Forint
157,157,21,2,6/26/2023,Pending,Rupiah
158,158,32,4,11/16/2023,Pending,Euro
159,159,30,4,9/4/2022,Shipped,Peso
160,160,37,3,12/25/2024,Pending,Dollar
161,161,9,4,2/23/2024,Shipped,Yuan Renminbi
162,162,34,2,5/22/2023,Shipped,Koruna
163,163,6,2,11/14/2024,Processing,Guarani
164,164,27,4,9/10/2023,Processing,Dollar
165,165,13,3,3/1/2023,Shipped,Peso
166,166,11,1,3/29/2024,Shipped,Franc
167,167,20,4,4/30/2024,Shipped,Euro
168,168,3,3,12/6/2024,Pending,Zloty
169,169,5,4,9/8/2022,Cancelled,Rupiah
170,170,28,4,9/24/2023,Shipped,Peso
171,171,2,1,11/30/2022,Shipped,Rupiah
172,172,4,4,12/6/2022,Delivered,Krona
173,173,8,4,1/26/2023,Delivered,Peso
174,174,36,1,11/15/2024,Pending,Zloty
175,175,24,3,11/1/2024,Processing,Rupiah
176,176,14,1,8/22/2023,Pending,Yuan Renminbi
177,177,39,1,7/18/2024,Pending,Rupee
178,178,34,4,6/7/2023,Cancelled,Rupiah
179,179,17,2,9/2/2023,Shipped,Ruble
180,180,1,4,9/29/2022,Processing,Zloty
181,181,31,3,12/9/2022,Delivered,Dollar
182,182,30,2,10/13/2023,Cancelled,Yen
183,183,1,3,10/3/2023,Pending,Bolivar
184,184,33,2,4/3/2023,Cancelled,Rupiah
185,185,18,1,1/12/2023,Delivered,Real
186,186,4,4,12/15/2023,Pending,Ruble
187,187,8,4,10/21/2024,Pending,Colon
188,188,3,2,3/21/2023,Pending,Baht
189,189,34,1,6/11/2024,Processing,Sol
190,190,33,3,1/18/2023,Processing,Euro
191,191,7,1,4/19/2024,Cancelled,Zloty
192,192,10,3,5/6/2024,Delivered,Hryvnia
193,193,40,3,8/12/2024,Cancelled,Dong
194,194,6,3,7/16/2024,Processing,Franc
195,195,36,4,5/18/2024,Pending,Yuan Renminbi
196,196,10,4,2/10/2024,Delivered,Yuan Renminbi
197,197,40,4,11/19/2023,Cancelled,Ariary
198,198,1,3,12/27/2022,Pending,Rupiah
199,199,29,4,6/19/2024,Shipped,Lev
200,200,3,1,2/15/2023,Shipped,Shilling
201,201,26,2,4/6/2023,Shipped,Yuan Renminbi
202,202,18,1,2/17/2024,Cancelled,Yuan Renminbi
203,203,28,4,7/6/2023,Shipped,Rupiah
204,204,23,1,7/25/2023,Pending,Escudo
205,205,21,2,12/21/2024,Pending,Koruna
206,206,35,2,6/1/2023,Delivered,Shilling
207,207,19,1,2/9/2023,Pending,Krona
208,208,26,4,2/24/2023,Processing,Yuan Renminbi
209,209,23,2,8/28/2022,Pending,Franc
210,210,2,2,6/17/2023,Shipped,Pound
211,211,5,4,8/17/2022,Processing,Krona
212,212,23,2,2/11/2024,Delivered,Peso
213,213,1,2,1/27/2024,Pending,Shekel
214,214,21,3,11/13/2024,Pending,Dong
215,215,27,4,9/22/2023,Pending,Peso
216,216,39,2,6/28/2024,Shipped,Euro
217,217,21,2,7/9/2023,Shipped,Euro
218,218,20,2,10/9/2024,Delivered,Yuan Renminbi
219,219,28,4,12/17/2022,Delivered,Euro
220,220,28,4,8/2/2024,Cancelled,Ruble
221,221,36,3,7/10/2023,Shipped,Peso
222,222,3,3,1/1/2023,Processing,Yuan Renminbi
223,223,36,2,12/15/2023,Cancelled,Yuan Renminbi
224,224,14,3,9/18/2022,Pending,Euro
225,225,38,2,6/1/2023,Shipped,Krona
226,226,18,1,3/2/2024,Shipped,Hryvnia
227,227,27,3,12/15/2022,Cancelled,Yuan Renminbi
228,228,4,3,5/4/2023,Shipped,Yuan Renminbi
229,229,9,2,7/25/2024,Pending,Hryvnia
230,230,26,3,9/5/2023,Cancelled,Kuna
231,231,22,3,9/17/2023,Pending,Rupiah
232,232,7,1,10/8/2022,Shipped,Yuan Renminbi
233,233,19,1,11/3/2023,Processing,Kyat
234,234,27,4,10/19/2023,Pending,Shilling
235,235,13,4,5/26/2023,Processing,Real
236,236,10,3,3/14/2024,Pending,Bolivar
237,237,18,2,9/22/2024,Shipped,Euro
238,238,31,3,9/27/2023,Cancelled,Peso
239,239,28,4,9/25/2022,Processing,Rupiah
240,240,24,2,9/6/2023,Shipped,Euro
241,241,7,2,9/14/2024,Processing,Real
242,242,14,3,6/3/2024,Cancelled,Dollar
243,243,30,4,3/11/2024,Processing,Ringgit
244,244,21,1,8/18/2023,Cancelled,Denar
245,245,10,2,11/12/2022,Processing,Ringgit
246,246,1,3,7/11/2023,Shipped,Yuan Renminbi
247,247,34,3,9/29/2022,Shipped,Euro
248,248,27,3,11/5/2024,Pending,Koruna
249,249,37,4,4/28/2023,Processing,Yuan Renminbi
250,250,27,4,7/18/2023,Shipped,Peso
251,251,38,1,11/1/2022,Processing,Yuan Renminbi
252,252,6,3,12/12/2022,Pending,Rial
253,253,26,3,9/23/2024,Delivered,Yuan Renminbi
254,254,32,3,10/16/2022,Cancelled,Rupiah
255,255,24,2,8/24/2023,Delivered,Yuan Renminbi
256,256,23,4,6/24/2024,Processing,Yuan Renminbi
257,257,20,2,7/16/2023,Shipped,Rupiah
258,258,40,3,8/14/2023,Delivered,Yuan Renminbi
259,259,6,2,9/23/2022,Processing,Sol
260,260,31,3,7/30/2024,Cancelled,Ringgit
261,261,6,2,4/24/2024,Shipped,Marka
262,262,39,4,6/14/2023,Cancelled,Peso
263,263,35,2,12/20/2023,Cancelled,Euro
264,264,19,4,9/11/2022,Delivered,Dirham
265,265,14,3,6/6/2024,Cancelled,Peso
266,266,27,4,7/13/2024,Processing,Yuan Renminbi
267,267,12,2,2/26/2024,Delivered,Rupiah
268,268,13,2,3/4/2023,Processing,Tenge
269,269,22,4,12/25/2024,Delivered,Real
270,270,33,2,3/26/2024,Cancelled,Peso
271,271,1,1,8/28/2022,Processing,Rupiah
272,272,37,4,12/5/2024,Pending,Rupiah
273,273,21,4,9/1/2022,Delivered,Rupiah
274,274,32,1,2/20/2023,Pending,Euro
275,275,32,1,9/1/2024,Delivered,Yuan Renminbi
276,276,14,3,12/21/2023,Processing,Peso
277,277,23,2,10/18/2023,Delivered,Euro
278,278,9,3,5/22/2023,Processing,Yuan Renminbi
279,279,7,4,2/9/2023,Delivered,Shilling
280,280,10,3,4/22/2024,Processing,Rupiah
281,281,12,2,8/21/2022,Cancelled,Yuan Renminbi
282,282,34,3,9/26/2022,Cancelled,Rupiah
283,283,15,3,2/24/2023,Processing,Rupiah
284,284,34,1,7/19/2023,Cancelled,Yuan Renminbi
285,285,1,2,12/28/2023,Processing,Rupiah
286,286,38,1,12/1/2022,Processing,Sol
287,287,8,2,3/21/2023,Pending,Shekel
288,288,37,1,9/14/2022,Delivered,Euro
289,289,10,3,1/7/2024,Cancelled,Yuan Renminbi
290,290,16,4,3/21/2024,Shipped,Rupiah
291,291,28,1,9/7/2023,Delivered,Balboa
292,292,32,2,7/18/2023,Processing,Won
293,293,4,2,1/11/2023,Processing,Dirham
294,294,11,3,9/2/2024,Pending,Rupiah
295,295,23,4,12/5/2024,Shipped,Rupiah
296,296,23,2,9/15/2024,Shipped,Euro
297,297,31,1,10/19/2024,Delivered,Peso
298,298,2,2,6/10/2023,Processing,Krona
299,299,24,2,8/16/2022,Cancelled,Ruble
300,300,15,3,9/11/2024,Cancelled,Euro
301,301,21,1,12/2/2024,Shipped,Koruna
302,302,6,2,8/17/2022,Pending,Rupiah
303,303,29,3,3/25/2024,Processing,Peso
304,304,34,2,8/15/2022,Pending,Rupiah
305,305,25,2,9/6/2022,Delivered,Dollar
306,306,28,1,4/16/2024,Pending,Koruna
307,307,6,2,3/24/2024,Delivered,Euro
308,308,23,2,1/27/2024,Processing,Krone
309,309,15,1,3/3/2024,Cancelled,Yuan Renminbi
310,310,16,1,3/28/2024,Delivered,Rupiah
311,311,4,4,6/24/2023,Cancelled,Euro
312,312,12,4,5/21/2024,Pending,Krona
313,313,33,3,2/27/2024,Processing,Koruna
314,314,15,1,9/8/2024,Cancelled,Hryvnia
315,315,14,4,3/28/2023,Processing,Peso
316,316,25,4,7/18/2024,Pending,Won
317,317,27,4,1/13/2023,Processing,Krona
318,318,8,2,9/9/2023,Processing,Peso
319,319,25,2,8/2/2022,Cancelled,Zloty
320,320,38,2,8/17/2024,Shipped,Euro
321,321,6,2,12/30/2024,Cancelled,Euro
322,322,28,4,4/6/2024,Pending,Euro
323,323,12,3,12/2/2024,Shipped,Dollar
324,324,31,4,12/28/2023,Processing,Euro
325,325,39,3,8/5/2024,Delivered,Yen
326,326,36,1,11/8/2022,Delivered,Rupiah
327,327,6,3,3/23/2023,Cancelled,Euro
328,328,35,4,2/8/2024,Pending,Marka
329,329,32,3,8/12/2022,Shipped,Rupiah
330,330,18,4,9/11/2024,Pending,Dinar
331,331,37,2,12/13/2024,Cancelled,Yuan Renminbi
332,332,16,4,10/28/2024,Delivered,Won
333,333,34,4,10/10/2022,Delivered,Taka
334,334,9,2,2/17/2023,Shipped,Peso
335,335,13,2,11/26/2023,Cancelled,Yuan Renminbi
336,336,16,1,1/11/2024,Processing,Peso
337,337,26,2,12/6/2023,Delivered,Lek
338,338,38,4,3/4/2024,Delivered,Zloty
339,339,27,1,12/9/2023,Cancelled,Dollar
340,340,4,1,7/20/2023,Pending,Yuan Renminbi
341,341,2,4,10/28/2022,Processing,Ruble
342,342,4,4,5/16/2024,Processing,Rupiah
343,343,7,1,11/3/2022,Shipped,Peso
344,344,21,4,1/28/2024,Processing,Real
345,345,29,1,9/5/2023,Cancelled,Yuan Renminbi
346,346,6,4,12/30/2024,Delivered,Ruble
347,347,5,4,10/29/2024,Shipped,Koruna
348,348,20,2,9/7/2023,Shipped,Yuan Renminbi
349,349,31,2,4/20/2024,Delivered,Euro
350,350,8,2,5/31/2023,Cancelled,Yuan Renminbi
351,351,12,1,8/23/2023,Pending,Yuan Renminbi
352,352,13,3,1/15/2023,Processing,Peso
353,353,13,1,10/4/2024,Shipped,Hryvnia
354,354,6,4,3/7/2024,Processing,Ruble
355,355,16,2,4/3/2023,Cancelled,Denar
356,356,33,4,5/6/2023,Processing,Yuan Renminbi
357,357,29,4,12/9/2024,Cancelled,Dollar
358,358,25,1,2/7/2023,Processing,Peso
359,359,12,1,11/27/2024,Cancelled,Manat
360,360,37,3,8/27/2022,Shipped,Dollar
361,361,26,4,3/5/2024,Pending,Dollar
362,362,30,2,8/30/2024,Shipped,Dollar
363,363,36,4,10/25/2024,Delivered,Dollar
364,364,2,4,12/1/2023,Pending,Ruble
365,365,6,1,10/15/2023,Pending,Yen
366,366,39,1,11/14/2023,Pending,Rupiah
367,367,26,4,6/5/2023,Cancelled,Euro
368,368,34,2,5/13/2024,Delivered,Shilling
369,369,5,4,5/7/2024,Processing,Ruble
370,370,30,3,3/31/2024,Delivered,Dram
371,371,28,3,5/1/2023,Cancelled,Zloty
372,372,21,3,2/9/2023,Pending,Yuan Renminbi
373,373,29,1,12/24/2022,Cancelled,Euro
374,374,18,2,11/16/2023,Processing,Yuan Renminbi
375,375,1,3,11/11/2024,Cancelled,Yuan Renminbi
376,376,11,4,8/16/2023,Pending,Dollar
377,377,18,2,8/17/2022,Cancelled,Cordoba
378,378,31,1,10/6/2024,Shipped,Dollar
379,379,35,2,3/11/2023,Shipped,Hryvnia
380,380,2,4,6/30/2023,Pending,Euro
381,381,7,2,8/1/2024,Processing,Rupiah
382,382,27,3,10/26/2024,Cancelled,Hryvnia
383,383,23,4,8/23/2023,Processing,Rupee
384,384,16,2,11/6/2022,Shipped,Euro
385,385,38,2,6/19/2023,Pending,Peso
386,386,5,4,7/6/2024,Pending,Yuan Renminbi
387,387,10,3,12/17/2024,Processing,Kuna
388,388,23,4,12/31/2024,Pending,Peso
389,389,16,1,6/2/2023,Processing,Peso
390,390,20,1,12/23/2022,Shipped,Yuan Renminbi
391,391,38,2,5/21/2023,Processing,Lempira
392,392,10,4,12/11/2023,Pending,Franc
393,393,19,3,12/20/2024,Pending,Euro
394,394,38,2,9/22/2024,Delivered,Rupiah
395,395,21,1,7/27/2023,Cancelled,Yuan Renminbi
396,396,28,3,12/31/2023,Cancelled,Yen
397,397,22,4,12/23/2023,Cancelled,Yuan Renminbi
398,398,38,1,12/4/2023,Delivered,Ruble
399,399,23,1,6/13/2023,Processing,Ruble
400,400,40,3,5/29/2023,Shipped,Peso
401,401,32,4,10/4/2023,Processing,Euro
402,402,40,1,3/25/2023,Delivered,Franc
403,403,17,3,9/26/2022,Processing,Dollar
404,404,10,3,11/14/2022,Pending,Tenge
405,405,21,3,8/26/2022,Pending,Boliviano
406,406,8,2,12/17/2023,Shipped,Rupiah
407,407,27,2,8/31/2023,Cancelled,Dinar
408,408,19,4,8/25/2024,Processing,Yuan Renminbi
409,409,28,3,8/16/2023,Shipped,Sol
410,410,19,3,5/27/2023,Shipped,Real
411,411,13,4,1/27/2023,Delivered,Zloty
412,412,29,3,11/14/2023,Processing,Rupiah
413,413,30,1,8/5/2022,Cancelled,Bolivar
414,414,32,2,9/26/2024,Pending,Yuan Renminbi
415,415,10,3,1/7/2023,Processing,Rupee
416,416,22,1,7/30/2023,Delivered,Zloty
417,417,35,2,6/11/2024,Processing,Afghani
418,418,30,2,6/19/2024,Pending,Balboa
419,419,34,1,5/20/2024,Cancelled,Afghani
420,420,35,4,12/19/2023,Delivered,Naira
421,421,37,1,1/19/2023,Delivered,Peso
422,422,30,2,3/19/2023,Shipped,Dollar
423,423,24,2,11/13/2023,Shipped,Peso
424,424,40,3,7/25/2024,Delivered,Koruna
425,425,2,4,8/19/2022,Cancelled,Euro
426,426,25,1,8/17/2022,Shipped,Real
427,427,34,1,8/8/2023,Cancelled,Yuan Renminbi
428,428,29,4,11/22/2024,Processing,Rupiah
429,429,35,3,6/1/2023,Shipped,Euro
430,430,31,3,11/2/2022,Pending,Ariary
431,431,6,1,7/3/2023,Pending,Bolivar
432,432,39,3,12/16/2024,Shipped,Peso
433,433,35,1,4/13/2024,Delivered,Tenge
434,434,16,4,2/18/2024,Processing,Rial
435,435,27,4,1/5/2024,Cancelled,Dollar
436,436,18,4,5/11/2024,Shipped,Yuan Renminbi
437,437,25,2,10/26/2023,Shipped,Yuan Renminbi
438,438,19,3,1/27/2024,Pending,Rupiah
439,439,23,2,1/18/2023,Delivered,Dirham
440,440,40,4,9/15/2022,Delivered,Zloty
441,441,16,1,5/10/2024,Shipped,Rand
442,442,12,1,8/1/2022,Delivered,Rial
443,443,2,4,2/2/2024,Pending,Kuna
444,444,30,4,3/11/2024,Cancelled,Yuan Renminbi
445,445,35,1,1/15/2024,Pending,Rupiah
446,446,12,1,8/8/2024,Delivered,Yuan Renminbi
447,447,18,4,4/30/2024,Delivered,Franc
448,448,7,4,11/24/2024,Shipped,Shekel
449,449,38,2,11/15/2023,Pending,Cordoba
450,450,8,2,12/31/2023,Delivered,Rupiah
451,451,35,3,12/10/2024,Processing,Yuan Renminbi
452,452,21,2,8/24/2023,Processing,Ruble
453,453,23,3,11/10/2023,Processing,Peso
454,454,16,3,8/23/2023,Cancelled,Rupiah
455,455,30,4,1/12/2024,Cancelled,Euro
456,456,14,2,7/28/2024,Delivered,Euro
457,457,20,3,5/23/2024,Shipped,Ruble
458,458,9,4,8/17/2024,Shipped,Ruble
459,459,1,1,12/31/2022,Pending,Euro
460,460,37,4,3/6/2023,Delivered,Real
461,461,5,2,3/11/2023,Delivered,Sol
462,462,34,4,8/25/2024,Shipped,Rupiah
463,463,14,3,11/17/2023,Cancelled,Denar
464,464,28,3,7/15/2023,Shipped,Peso
465,465,35,2,1/28/2023,Processing,Ruble
466,466,19,3,8/6/2022,Cancelled,Rupiah
467,467,6,2,1/27/2024,Cancelled,Lempira
468,468,10,3,12/3/2022,Shipped,Rupiah
469,469,15,4,6/28/2024,Pending,Yuan Renminbi
470,470,14,2,9/28/2022,Cancelled,Rupiah
471,471,35,1,12/22/2023,Pending,Euro
472,472,19,4,8/12/2024,Pending,Won
473,473,30,2,12/3/2022,Cancelled,Dollar
474,474,11,4,2/5/2023,Processing,Peso
475,475,20,1,6/24/2023,Cancelled,Euro
476,476,18,1,5/21/2024,Delivered,Rupiah
477,477,34,1,11/22/2022,Delivered,Yuan Renminbi
478,478,40,4,7/18/2023,Pending,Ariary
479,479,22,2,9/8/2023,Processing,Peso
480,480,2,4,11/7/2022,Pending,Real
481,481,17,1,9/29/2022,Cancelled,Euro
482,482,34,4,9/9/2023,Pending,Dirham
483,483,4,4,1/21/2023,Processing,Ruble
484,484,3,2,11/23/2022,Cancelled,Real
485,485,9,1,2/21/2023,Delivered,Yuan Renminbi
486,486,6,4,12/5/2024,Pending,Boliviano
487,487,5,3,12/16/2023,Processing,Euro
488,488,11,1,8/23/2022,Shipped,Real
489,489,31,3,12/31/2023,Cancelled,Euro
490,490,23,2,4/18/2023,Pending,Koruna
491,491,13,2,8/12/2022,Delivered,Euro
492,492,6,3,9/20/2023,Processing,Rupiah
493,493,6,1,4/28/2023,Delivered,Euro
494,494,26,1,5/15/2023,Shipped,Peso
495,495,23,3,8/27/2022,Pending,Ruble
496,496,39,3,12/7/2022,Cancelled,Yuan Renminbi
497,497,13,2,3/25/2024,Shipped,Ruble
498,498,29,3,6/16/2024,Shipped,Krona
499,499,3,3,4/4/2024,Delivered,Peso
500,500,40,4,2/2/2024,Delivered,Dollar
501,501,38,2,6/9/2024,Delivered,Yuan Renminbi
502,502,37,4,3/14/2023,Delivered,Dong
503,503,27,2,9/22/2022,Cancelled,Afghani
504,504,23,3,11/10/2022,Processing,Peso
505,505,37,4,8/15/2024,Processing,Boliviano
506,506,22,1,3/26/2023,Processing,Peso
507,507,4,2,9/1/2024,Delivered,Yuan Renminbi
508,508,18,1,10/14/2023,Cancelled,Ruble
509,509,7,3,11/30/2022,Processing,Ruble
510,510,13,1,11/30/2024,Shipped,Euro
511,511,12,4,12/19/2024,Cancelled,Lek
512,512,21,1,10/16/2024,Pending,Yen
513,513,3,2,10/28/2023,Shipped,Rupiah
514,514,31,4,3/24/2023,Cancelled,Euro
515,515,15,3,6/5/2024,Pending,Peso
516,516,39,4,4/25/2023,Delivered,Yuan Renminbi
517,517,21,4,6/13/2024,Delivered,Shilling
518,518,18,3,10/19/2023,Processing,Real
519,519,12,1,5/11/2024,Processing,Rupiah
520,520,21,1,12/6/2023,Processing,Rupiah
521,521,4,1,12/5/2024,Shipped,Dollar
522,522,15,4,5/9/2024,Processing,Real
523,523,33,4,8/14/2022,Shipped,Shilling
524,524,38,4,10/3/2024,Processing,Yuan Renminbi
525,525,24,3,11/1/2023,Shipped,Dong
526,526,19,2,11/24/2023,Processing,Rupiah
527,527,4,4,12/8/2022,Pending,Peso
528,528,35,1,6/14/2024,Delivered,Rupiah
529,529,20,4,8/10/2022,Delivered,Dollar
530,530,25,2,3/14/2023,Pending,Rial
531,531,15,4,7/21/2023,Pending,Yuan Renminbi
532,532,10,4,2/21/2024,Processing,Yuan Renminbi
533,533,27,4,4/26/2024,Delivered,Rupiah
534,534,31,3,12/29/2022,Delivered,Won
535,535,34,4,9/2/2022,Pending,Euro
536,536,17,2,8/15/2024,Pending,Real
537,537,33,2,11/27/2022,Cancelled,Dirham
538,538,18,1,10/24/2023,Shipped,Rupiah
539,539,15,3,4/2/2024,Delivered,Rupiah
540,540,21,2,12/13/2023,Delivered,Hryvnia
541,541,34,2,4/21/2024,Cancelled,Dollar
542,542,16,3,7/23/2023,Cancelled,Yen
543,543,37,3,7/12/2024,Pending,Zloty
544,544,29,4,11/24/2024,Processing,Yuan Renminbi
545,545,39,4,5/19/2023,Processing,Ruble
546,546,10,3,1/30/2023,Delivered,Ruble
547,547,25,1,5/22/2024,Pending,Naira
548,548,28,4,11/9/2023,Pending,Pound
549,549,18,4,6/1/2023,Delivered,Dollar
550,550,19,1,6/15/2024,Processing,Peso
551,551,35,4,9/30/2024,Pending,Euro
552,552,12,4,8/3/2024,Delivered,Peso
553,553,13,2,11/24/2023,Shipped,Shekel
554,554,17,4,5/14/2024,Cancelled,Yen
555,555,37,4,8/16/2022,Shipped,Zloty
556,556,27,1,12/19/2024,Processing,Yuan Renminbi
557,557,15,3,7/29/2023,Delivered,Rupiah
558,558,15,4,9/24/2024,Delivered,Rupiah
559,559,15,1,4/30/2024,Cancelled,Ruble
560,560,31,1,1/13/2023,Pending,Yuan Renminbi
561,561,36,4,4/20/2023,Cancelled,Krona
562,562,9,2,3/1/2023,Processing,Real
563,563,23,2,11/10/2024,Processing,Real
564,564,28,2,5/21/2023,Pending,Real
565,565,19,1,10/22/2023,Processing,Tenge
566,566,40,2,10/3/2024,Cancelled,Yuan Renminbi
567,567,14,2,8/19/2024,Processing,Dollar
568,568,23,1,8/21/2022,Processing,Peso
569,569,24,2,8/11/2023,Cancelled,Peso
570,570,9,1,5/3/2023,Pending,Franc
571,571,11,2,2/15/2024,Cancelled,Yuan Renminbi
572,572,15,3,8/2/2024,Processing,Rupiah
573,573,26,2,9/6/2024,Processing,Peso
574,574,6,2,5/22/2023,Processing,Peso
575,575,3,4,11/22/2023,Shipped,Dollar
576,576,34,3,10/31/2023,Shipped,Sol
577,577,1,2,4/28/2024,Delivered,Peso
578,578,23,1,8/15/2022,Cancelled,Dollar
579,579,26,2,7/25/2023,Cancelled,Ruble
580,580,31,2,7/11/2024,Shipped,Rupiah
581,581,8,1,11/10/2024,Pending,Pound
582,582,19,1,4/23/2024,Delivered,Yuan Renminbi
583,583,32,2,11/27/2023,Processing,Krona
584,584,13,3,12/15/2023,Processing,Peso
585,585,14,2,12/23/2023,Shipped,Yuan Renminbi
586,586,8,3,3/20/2024,Shipped,Kuna
587,587,27,4,12/23/2022,Delivered,Rupee
588,588,5,3,3/29/2023,Processing,Yuan Renminbi
589,589,3,1,4/11/2024,Processing,Real
590,590,33,1,8/21/2023,Processing,Yuan Renminbi
591,591,15,2,2/26/2024,Shipped,Yuan Renminbi
592,592,33,3,7/3/2023,Shipped,Pula
593,593,27,2,1/22/2023,Shipped,Yuan Renminbi
594,594,7,1,1/1/2023,Cancelled,Yuan Renminbi
595,595,6,3,4/18/2023,Pending,Yuan Renminbi
596,596,34,1,11/2/2023,Delivered,Peso
597,597,40,3,10/12/2024,Pending,Peso
598,598,2,4,8/4/2024,Processing,Yuan Renminbi
599,599,11,3,8/12/2024,Pending,Dollar
600,600,9,2,12/21/2024,Processing,Peso
601,601,33,1,12/30/2023,Processing,Euro
602,602,38,2,6/20/2024,Pending,Euro
603,603,37,2,9/15/2022,Shipped,Yuan Renminbi
604,604,26,2,10/3/2023,Cancelled,Dinar
605,605,15,1,8/5/2024,Pending,Peso
606,606,29,3,9/26/2022,Cancelled,Pound
607,607,35,2,3/23/2023,Cancelled,Koruna
608,608,13,2,2/4/2024,Shipped,Rupee
609,609,15,4,6/23/2023,Shipped,Yuan Renminbi
610,610,23,2,9/14/2024,Cancelled,Euro
611,611,24,2,8/7/2023,Delivered,Real
612,612,28,1,8/14/2023,Shipped,Krone
613,613,39,1,10/10/2023,Pending,Hryvnia
614,614,28,1,5/19/2024,Delivered,Rupiah
615,615,22,4,1/6/2023,Pending,Won
616,616,38,2,9/28/2024,Cancelled,Rupiah
617,617,39,3,5/23/2024,Shipped,Rupiah
618,618,37,3,7/29/2023,Shipped,Yuan Renminbi
619,619,14,1,9/9/2022,Processing,Euro
620,620,19,3,3/24/2023,Processing,Rupiah
621,621,33,4,4/28/2024,Delivered,Dinar
622,622,25,4,11/11/2022,Delivered,Birr
623,623,15,1,3/15/2024,Cancelled,Yuan Renminbi
624,624,40,2,4/14/2023,Delivered,Euro
625,625,13,1,8/5/2023,Pending,Kuna
626,626,31,4,12/24/2022,Pending,Yuan Renminbi
627,627,33,1,12/15/2022,Shipped,Bolivar
628,628,16,2,8/15/2022,Shipped,Koruna
629,629,33,1,5/3/2024,Cancelled,Euro
630,630,21,2,9/19/2022,Delivered,Ruble
631,631,7,3,1/6/2024,Processing,Yuan Renminbi
632,632,17,4,12/28/2024,Shipped,Krona
633,633,1,3,12/1/2024,Delivered,Dram
634,634,18,4,10/1/2024,Delivered,Euro
635,635,17,3,8/9/2023,Processing,Sol
636,636,37,4,1/18/2023,Delivered,Yuan Renminbi
637,637,29,2,8/18/2024,Delivered,Euro
638,638,31,1,11/16/2023,Pending,Rupiah
639,639,9,4,10/20/2023,Cancelled,Yuan Renminbi
640,640,27,4,11/1/2023,Processing,Ruble
641,641,5,3,4/20/2024,Pending,Rupiah
642,642,30,4,8/20/2023,Pending,Sol
643,643,10,2,1/25/2023,Delivered,Yuan Renminbi
644,644,13,4,5/4/2023,Delivered,Rupiah
645,645,16,2,9/13/2023,Pending,Krona
646,646,37,4,10/21/2022,Delivered,Peso
647,647,25,4,1/14/2024,Pending,Yuan Renminbi
648,648,26,1,11/30/2024,Processing,Real
649,649,8,3,1/22/2024,Processing,Real
650,650,8,1,10/24/2022,Cancelled,Yuan Renminbi
651,651,7,4,12/18/2024,Processing,Yuan Renminbi
652,652,17,2,3/31/2024,Processing,Yuan Renminbi
653,653,13,1,3/8/2024,Shipped,Krona
654,654,11,3,9/19/2023,Cancelled,Dram
655,655,5,3,2/22/2023,Pending,Yuan Renminbi
656,656,6,3,12/13/2023,Shipped,Ruble
657,657,10,3,6/15/2024,Delivered,Yuan Renminbi
658,658,37,1,11/19/2022,Processing,Euro
659,659,20,1,12/12/2024,Processing,Euro
660,660,21,4,4/5/2023,Delivered,Peso
661,661,14,1,1/22/2024,Processing,Kip
662,662,16,3,9/24/2022,Shipped,Peso
663,663,8,2,9/19/2024,Delivered,Naira
664,664,14,2,5/23/2023,Delivered,Peso
665,665,21,2,10/24/2024,Shipped,Yuan Renminbi
666,666,4,4,5/24/2024,Shipped,Afghani
667,667,3,3,8/7/2023,Pending,Yuan Renminbi
668,668,33,3,12/25/2024,Pending,Cordoba
669,669,18,4,9/15/2022,Pending,Manat
670,670,8,4,2/27/2024,Pending,Yuan Renminbi
671,671,33,2,12/3/2023,Delivered,Real
672,672,22,1,7/6/2024,Cancelled,Koruna
673,673,33,3,2/6/2023,Cancelled,Rupiah
674,674,13,1,12/4/2022,Processing,Peso
675,675,24,3,9/10/2023,Pending,Peso
676,676,2,2,12/26/2022,Processing,Shilling
677,677,29,1,2/24/2023,Delivered,Krona
678,678,23,2,1/13/2024,Pending,Lempira
679,679,39,1,4/5/2023,Cancelled,Rupiah
680,680,23,4,11/25/2024,Shipped,Dong
681,681,12,3,6/7/2024,Pending,Shilling
682,682,22,2,6/16/2024,Processing,Yuan Renminbi
683,683,4,2,4/5/2023,Pending,Rupiah
684,684,27,3,5/29/2023,Delivered,Pound
685,685,33,2,10/8/2022,Shipped,Dinar
686,686,29,3,6/12/2024,Delivered,Birr
687,687,39,4,1/21/2024,Delivered,Rupee
688,688,29,1,10/5/2024,Shipped,Krona
689,689,38,4,10/1/2022,Delivered,Lempira
690,690,25,1,1/6/2024,Pending,Euro
691,691,9,3,9/14/2024,Processing,Quetzal
692,692,34,3,9/18/2022,Processing,Shilling
693,693,36,4,3/2/2023,Delivered,Yuan Renminbi
694,694,10,2,10/16/2024,Pending,Real
695,695,19,1,8/26/2023,Pending,Franc
696,696,1,3,7/2/2024,Pending,Yuan Renminbi
697,697,19,3,6/19/2023,Shipped,Yuan Renminbi
698,698,33,1,3/17/2023,Pending,Peso
699,699,4,1,10/30/2023,Cancelled,Yuan Renminbi
700,700,11,2,10/12/2023,Shipped,Yuan Renminbi
701,701,29,2,10/20/2024,Pending,Rupiah
702,702,32,2,7/15/2024,Shipped,Yuan Renminbi
703,703,40,3,11/25/2022,Pending,Euro
704,704,40,2,8/12/2023,Delivered,Yuan Renminbi
705,705,39,1,8/19/2023,Shipped,Rupiah
706,706,5,4,4/18/2024,Pending,Sol
707,707,29,4,10/30/2024,Shipped,Peso
708,708,34,3,11/6/2024,Cancelled,Won
709,709,32,2,6/12/2024,Shipped,Dollar
710,710,28,1,4/10/2023,Pending,Sol
711,711,29,4,11/14/2023,Pending,Yen
712,712,15,4,8/15/2023,Cancelled,Yuan Renminbi
713,713,17,4,7/1/2024,Delivered,Pound
714,714,11,3,5/4/2023,Pending,Peso
715,715,40,1,9/1/2022,Processing,Zloty
716,716,9,2,3/23/2023,Cancelled,Ruble
717,717,4,1,9/6/2024,Pending,Shekel
718,718,20,1,3/24/2024,Delivered,Yuan Renminbi
719,719,14,2,3/12/2024,Processing,Lek
720,720,37,1,9/8/2022,Processing,Tenge
721,721,39,1,6/14/2023,Shipped,Yuan Renminbi
722,722,15,4,3/6/2024,Pending,Ruble
723,723,21,2,2/8/2023,Shipped,Yen
724,724,40,2,7/22/2024,Shipped,Yen
725,725,38,3,2/17/2023,Pending,Zloty
726,726,31,3,7/24/2023,Shipped,Manat
727,727,19,3,11/23/2023,Shipped,Ruble
728,728,12,3,8/30/2023,Pending,Yuan Renminbi
729,729,32,2,8/10/2023,Delivered,Yuan Renminbi
730,730,40,1,6/1/2023,Delivered,Dollar
731,731,30,1,5/18/2024,Delivered,Rial
732,732,16,1,2/16/2023,Cancelled,Euro
733,733,20,2,10/11/2022,Processing,Real
734,734,15,3,8/26/2022,Processing,Franc
735,735,16,4,8/6/2023,Cancelled,Rupiah
736,736,21,1,5/27/2023,Shipped,Dollar
737,737,4,3,10/17/2024,Cancelled,Yen
738,738,8,3,9/11/2023,Processing,Yuan Renminbi
739,739,27,2,8/7/2024,Processing,Peso
740,740,21,2,10/15/2024,Delivered,Rupiah
741,741,21,1,1/27/2024,Delivered,Peso
742,742,10,4,11/6/2024,Delivered,Ruble
743,743,17,4,12/24/2022,Delivered,Ruble
744,744,4,3,7/18/2024,Cancelled,Yuan Renminbi
745,745,18,3,12/6/2023,Delivered,Yuan Renminbi
746,746,27,1,12/25/2022,Cancelled,Peso
747,747,31,1,2/17/2024,Processing,Zloty
748,748,21,2,6/9/2024,Delivered,Hryvnia
749,749,5,4,8/1/2022,Cancelled,Sol
750,750,21,1,10/22/2024,Delivered,Dram
751,751,32,3,9/10/2024,Delivered,Baht
752,752,31,2,7/19/2023,Processing,Yen
753,753,17,4,5/22/2024,Delivered,Baht
754,754,21,1,10/27/2023,Shipped,Rupiah
755,755,14,3,1/29/2023,Delivered,Euro
756,756,23,2,11/16/2023,Pending,Zloty
757,757,24,3,10/23/2022,Processing,Afghani
758,758,23,4,8/6/2024,Cancelled,Zloty
759,759,6,3,8/1/2023,Shipped,Ruble
760,760,39,4,12/11/2024,Shipped,Peso
761,761,21,2,9/25/2022,Pending,Yuan Renminbi
762,762,28,4,5/6/2023,Shipped,Euro
763,763,2,1,10/16/2023,Cancelled,Zloty
764,764,40,2,2/22/2023,Cancelled,Euro
765,765,24,4,9/21/2022,Processing,Rupiah
766,766,23,1,9/16/2024,Pending,Peso
767,767,29,3,7/27/2024,Processing,Euro
768,768,13,4,2/24/2023,Shipped,Litas
769,769,39,2,2/11/2024,Shipped,Dollar
770,770,7,1,8/26/2024,Cancelled,Zloty
771,771,19,1,9/1/2022,Shipped,Krona
772,772,11,2,11/26/2023,Cancelled,Franc
773,773,39,3,12/2/2024,Shipped,Lek
774,774,14,2,9/29/2023,Shipped,Euro
775,775,33,1,10/31/2024,Shipped,Euro
776,776,17,3,10/19/2024,Processing,Ruble
777,777,38,4,5/17/2024,Cancelled,Rupee
778,778,15,2,3/16/2023,Pending,Krona
779,779,2,1,10/18/2023,Shipped,Ruble
780,780,29,3,6/26/2023,Processing,Ruble
781,781,33,2,9/10/2022,Cancelled,Ruble
782,782,15,2,1/16/2024,Shipped,Rupiah
783,783,17,1,9/2/2024,Cancelled,Rupiah
784,784,28,1,9/29/2022,Shipped,Ruble
785,785,25,1,2/2/2023,Pending,Rupiah
786,786,38,3,9/19/2024,Processing,Rupiah
787,787,17,4,1/6/2023,Cancelled,Euro
788,788,26,4,2/20/2023,Pending,Dollar
789,789,15,3,12/15/2024,Pending,Euro
790,790,39,1,4/16/2023,Pending,Leu
791,791,31,3,10/10/2023,Processing,Euro
792,792,21,2,8/3/2024,Cancelled,Lempira
793,793,1,3,5/13/2024,Pending,Won
794,794,13,4,7/28/2024,Processing,Lempira
795,795,20,3,5/29/2024,Delivered,Pound
796,796,36,4,10/6/2022,Pending,Real
797,797,30,1,7/28/2023,Delivered,Taka
798,798,24,1,5/9/2024,Shipped,Yuan Renminbi
799,799,7,3,6/30/2024,Pending,Boliviano
800,800,20,3,9/17/2022,Processing,Baht
801,801,20,1,5/9/2023,Processing,Afghani
802,802,26,3,7/20/2024,Pending,Euro
803,803,6,2,4/8/2024,Shipped,Pound
804,804,23,3,8/26/2022,Pending,Euro
805,805,20,3,12/3/2023,Pending,Rupiah
806,806,29,3,11/15/2023,Delivered,Ruble
807,807,27,4,8/28/2023,Cancelled,Hryvnia
808,808,17,1,11/11/2023,Pending,Ringgit
809,809,12,4,2/1/2023,Cancelled,Krona
810,810,13,2,3/18/2023,Delivered,Zloty
811,811,35,3,6/24/2023,Pending,Peso
812,812,28,3,12/31/2022,Cancelled,Rupiah
813,813,19,2,10/10/2024,Processing,Euro
814,814,13,4,11/20/2024,Processing,Ruble
815,815,13,2,10/19/2022,Shipped,Yuan Renminbi
816,816,32,1,2/7/2023,Shipped,Krona
817,817,13,4,3/16/2024,Pending,Euro
818,818,24,4,11/20/2022,Cancelled,Ruble
819,819,4,1,2/18/2023,Pending,Peso
820,820,40,3,11/30/2024,Cancelled,Yuan Renminbi
821,821,17,4,4/12/2023,Shipped,Ruble
822,822,11,4,4/9/2024,Delivered,Yuan Renminbi
823,823,1,3,4/18/2024,Delivered,Dinar
824,824,34,4,6/15/2023,Delivered,Dinar
825,825,7,3,9/11/2023,Cancelled,Peso
826,826,19,4,3/10/2023,Delivered,Krona
827,827,32,4,5/19/2023,Shipped,Zloty
828,828,39,2,12/12/2023,Delivered,Peso
829,829,36,3,5/29/2023,Pending,Ruble
830,830,13,3,3/25/2023,Shipped,Yuan Renminbi
831,831,4,3,12/4/2024,Shipped,Zloty
832,832,8,2,11/3/2022,Processing,Yuan Renminbi
833,833,7,2,4/6/2024,Cancelled,Euro
834,834,8,4,11/9/2022,Delivered,Rupiah
835,835,5,2,12/13/2024,Delivered,Yuan Renminbi
836,836,20,4,10/11/2024,Pending,Peso
837,837,26,4,11/22/2022,Pending,Yen
838,838,30,3,8/16/2022,Shipped,Shilling
839,839,22,4,2/21/2024,Delivered,Cedi
840,840,11,3,11/19/2022,Cancelled,Yen
841,841,32,2,3/24/2023,Cancelled,Pound
842,842,40,4,11/5/2024,Delivered,Euro
843,843,35,3,10/4/2022,Cancelled,Zloty
844,844,8,1,5/9/2024,Processing,Yuan Renminbi
845,845,23,3,8/2/2024,Processing,Yuan Renminbi
846,846,32,3,3/11/2023,Processing,Ruble
847,847,10,1,7/14/2024,Processing,Koruna
848,848,1,2,4/22/2023,Delivered,Peso
849,849,17,4,9/30/2022,Delivered,Yuan Renminbi
850,850,25,2,3/24/2023,Pending,Zloty
851,851,15,1,3/24/2024,Processing,Zloty
852,852,17,2,3/14/2024,Shipped,Zloty
853,853,33,4,11/30/2024,Shipped,Yuan Renminbi
854,854,18,3,1/17/2024,Cancelled,Dram
855,855,32,4,9/21/2024,Pending,Lempira
856,856,28,4,11/22/2024,Pending,Yuan Renminbi
857,857,16,4,2/20/2023,Shipped,Lempira
858,858,20,1,10/31/2022,Shipped,Euro
859,859,27,4,2/17/2024,Processing,Yuan Renminbi
860,860,22,3,12/1/2024,Shipped,Euro
861,861,33,2,6/25/2024,Processing,Peso
862,862,19,1,11/12/2022,Delivered,Euro
863,863,36,3,5/30/2023,Delivered,Yuan Renminbi
864,864,3,1,1/14/2023,Shipped,Yuan Renminbi
865,865,2,3,5/6/2023,Processing,Pound
866,866,8,1,2/5/2024,Shipped,Rupiah
867,867,38,3,9/15/2024,Delivered,Krona
868,868,16,2,11/25/2023,Delivered,Yuan Renminbi
869,869,22,2,11/4/2024,Pending,Dollar
870,870,10,4,9/18/2022,Delivered,Yuan Renminbi
871,871,9,4,5/7/2023,Cancelled,Yuan Renminbi
872,872,18,2,9/8/2023,Shipped,Yuan Renminbi
873,873,36,1,8/23/2023,Cancelled,Krona
874,874,28,3,1/19/2024,Shipped,Ariary
875,875,22,3,6/28/2023,Processing,Balboa
876,876,34,4,8/11/2024,Cancelled,Euro
877,877,22,1,2/26/2024,Shipped,Rupiah
878,878,30,2,8/10/2024,Pending,Rial
879,879,33,1,7/25/2023,Shipped,Pa'anga
880,880,15,2,9/17/2023,Cancelled,Yuan Renminbi
881,881,34,4,5/13/2024,Shipped,Yuan Renminbi
882,882,2,1,8/12/2024,Processing,Franc
883,883,7,4,11/23/2023,Pending,Franc
884,884,2,4,11/16/2024,Shipped,Kyat
885,885,30,1,12/3/2023,Processing,Real
886,886,34,4,7/1/2023,Shipped,Cordoba
887,887,15,4,12/31/2024,Pending,Rupee
888,888,30,3,9/8/2022,Delivered,Ruble
889,889,39,2,2/17/2023,Cancelled,Zloty
890,890,35,1,12/9/2023,Cancelled,Sol
891,891,19,2,2/18/2024,Pending,Rupee
892,892,5,1,7/10/2024,Shipped,Yuan Renminbi
893,893,24,2,9/30/2023,Processing,Dollar
894,894,8,2,1/29/2023,Shipped,Euro
895,895,39,3,8/9/2023,Pending,Yuan Renminbi
896,896,13,2,9/18/2022,Cancelled,Yuan Renminbi
897,897,17,3,7/2/2023,Cancelled,Baht
898,898,34,4,11/19/2024,Delivered,Yuan Renminbi
899,899,24,3,9/20/2023,Processing,Zloty
900,900,2,2,12/21/2022,Processing,Yuan Renminbi
901,901,34,1,9/11/2022,Pending,Shekel
902,902,12,3,11/6/2024,Processing,Sol
903,903,18,3,3/25/2024,Pending,Yuan Renminbi
904,904,12,1,4/11/2024,Shipped,Euro
905,905,6,3,5/27/2024,Delivered,Peso
906,906,1,3,4/7/2024,Shipped,Bolivar
907,907,18,1,3/29/2023,Pending,Leu
908,908,20,2,3/5/2023,Cancelled,Baht
909,909,38,2,11/2/2023,Delivered,Dollar
910,910,14,4,8/9/2022,Pending,Yen
911,911,2,2,3/18/2023,Shipped,Yuan Renminbi
912,912,7,3,3/15/2023,Delivered,Ruble
913,913,24,2,7/4/2023,Processing,Ruble
914,914,1,1,2/15/2023,Processing,Dollar
915,915,33,3,12/24/2023,Processing,Ruble
916,916,1,2,5/2/2024,Delivered,Dollar
917,917,10,3,12/23/2023,Processing,Ruble
918,918,31,4,4/29/2023,Processing,Krona
919,919,15,3,11/27/2024,Processing,Rupiah
920,920,37,1,12/5/2022,Cancelled,Real
921,921,29,4,12/10/2022,Delivered,Dinar
922,922,22,3,2/9/2024,Pending,Peso
923,923,27,4,9/3/2023,Shipped,Yuan Renminbi
924,924,5,1,12/17/2022,Shipped,Rial
925,925,39,2,6/21/2023,Pending,Euro
926,926,33,1,9/12/2023,Processing,Euro
927,927,16,1,9/18/2022,Delivered,Hryvnia
928,928,16,4,4/25/2024,Cancelled,Yuan Renminbi
929,929,29,1,1/18/2024,Cancelled,Cordoba
930,930,7,4,1/18/2024,Delivered,Yuan Renminbi
931,931,28,1,9/25/2023,Delivered,Sol
932,932,16,1,11/12/2022,Cancelled,Euro
933,933,9,3,9/26/2023,Processing,Hryvnia
934,934,29,3,6/29/2023,Pending,Yuan Renminbi
935,935,33,1,1/6/2023,Processing,Rupiah
936,936,5,4,5/17/2023,Cancelled,Lek
937,937,24,4,7/23/2024,Pending,Yuan Renminbi
938,938,25,1,3/29/2023,Processing,Ruble
939,939,17,2,11/5/2023,Delivered,Yen
940,940,38,4,4/20/2024,Shipped,Real
941,941,22,3,1/4/2023,Pending,Ruble
942,942,36,1,6/1/2023,Cancelled,Lek
943,943,4,3,11/14/2024,Delivered,Naira
944,944,30,2,12/29/2022,Delivered,Yuan Renminbi
945,945,26,4,8/2/2024,Cancelled,Shekel
946,946,39,1,9/2/2022,Processing,Krona
947,947,28,1,7/4/2024,Processing,Peso
948,948,10,3,12/22/2024,Cancelled,Yuan Renminbi
949,949,7,3,12/29/2024,Shipped,Yuan Renminbi
950,950,33,1,8/15/2023,Processing,Afghani
951,951,34,3,12/6/2024,Delivered,Peso
952,952,20,4,2/17/2023,Pending,Tenge
953,953,6,3,6/20/2023,Shipped,Yen
954,954,38,4,7/26/2024,Pending,Yen
955,955,11,3,1/30/2024,Processing,Peso
956,956,37,2,12/9/2024,Delivered,Ruble
957,957,21,2,1/8/2024,Pending,Yuan Renminbi
958,958,32,1,5/28/2024,Delivered,Zloty
959,959,15,3,11/15/2022,Pending,Euro
960,960,14,2,7/5/2023,Processing,Euro
961,961,29,4,5/27/2024,Pending,Kwacha
962,962,3,1,5/21/2024,Processing,Koruna
963,963,36,1,9/13/2022,Processing,Yuan Renminbi
964,964,22,3,9/22/2023,Pending,Leu
965,965,5,1,11/24/2022,Delivered,Rupiah
966,966,15,3,8/1/2023,Processing,Dinar
967,967,32,1,11/24/2022,Cancelled,Peso
968,968,9,4,5/30/2023,Delivered,Zloty
969,969,38,4,9/20/2022,Delivered,Dinar
970,970,10,4,9/26/2024,Cancelled,Sol
971,971,25,4,7/3/2024,Shipped,Ruble
972,972,32,3,3/16/2024,Pending,Koruna
973,973,3,4,4/6/2023,Cancelled,Peso
974,974,10,2,8/3/2022,Pending,Ruble
975,975,37,4,9/11/2023,Delivered,Krona
976,976,22,1,11/14/2022,Processing,Dollar
977,977,3,2,12/13/2024,Cancelled,Rupiah
978,978,18,3,5/7/2024,Delivered,Rupiah
979,979,37,4,9/17/2023,Processing,Rupiah
980,980,22,2,3/10/2023,Shipped,Yuan Renminbi
981,981,28,3,7/16/2024,Processing,Naira
982,982,36,4,6/20/2024,Delivered,Yuan Renminbi
983,983,33,3,7/11/2024,Cancelled,Rupiah
984,984,34,2,2/20/2023,Delivered,Peso
985,985,17,3,7/29/2023,Cancelled,Euro
986,986,40,2,12/18/2022,Cancelled,Ruble
987,987,16,4,1/21/2024,Shipped,Rupiah
988,988,7,3,1/19/2024,Shipped,Yuan Renminbi
989,989,21,3,3/14/2024,Processing,Peso
990,990,31,3,9/26/2024,Processing,Yen
991,991,29,2,6/4/2024,Shipped,Rupiah
992,992,38,4,2/29/2024,Processing,Ruble
993,993,23,2,10/5/2022,Cancelled,Yuan Renminbi
994,994,13,3,9/11/2022,Shipped,Krona
995,995,37,3,10/31/2024,Cancelled,Rupiah
996,996,10,1,4/22/2024,Pending,Peso
997,997,24,1,10/8/2024,Pending,Peso
998,998,36,4,4/25/2023,Delivered,Yuan Renminbi
999,999,16,4,9/12/2024,Delivered,Rupee
1000,1000,36,3,2/19/2024,Cancelled,Yuan Renminbi
